employee_id,first_name,last_name,email,occupation,currently_working
1,Cletis,Aps,caps0@kickstarter.com,Nurse Practicioner,true
2,Catina,Wanell,cwanell1@examiner.com,Assistant Manager,false
3,Weylin,Darrigrand,wdarrigrand2@toplist.cz,Chemical Engineer,true
4,Reinaldos,Ambrosini,rambrosini3@loc.gov,Graphic Designer,true
5,Sullivan,Weiss,sweiss4@sina.com.cn,Technical Writer,true
6,Wendell,Burde,wburde5@histats.com,Programmer Analyst II,true
7,Shalne,Sopper,ssopper6@example.com,Marketing Manager,true
8,Adelbert,Fansy,afansy7@feedburner.com,VP Marketing,false
9,Audi,Mintoff,amintoff8@umich.edu,Human Resources Assistant III,false
10,Kimberly,Gilli,kgilli9@geocities.com,Analyst Programmer,false
11,Artie,Sheardown,asheardowna@baidu.com,Research Associate,false
12,Alexio,Rickford,arickfordb@booking.com,Financial Analyst,false
13,Claudelle,Scowen,cscowenc@washingtonpost.com,Administrative Officer,false
14,Rawley,Cheek,rcheekd@fastcompany.com,Senior Financial Analyst,true
15,Nikita,Howells,nhowellse@comsenz.com,Operator,false
16,Marta,Brocklesby,mbrocklesbyf@yellowbook.com,Quality Engineer,false
17,Dianne,Thorndycraft,dthorndycraftg@rambler.ru,Geological Engineer,false
18,Giuditta,Burges,gburgesh@cnn.com,Structural Analysis Engineer,false
19,Anne,Raywood,araywoodi@columbia.edu,Account Representative IV,false
20,Lulu,Pavlishchev,lpavlishchevj@freewebs.com,Office Assistant II,true
21,Christabel,Ximenez,cximenezk@unc.edu,Social Worker,true
22,Mathilda,Filde,mfildel@constantcontact.com,GIS Technical Architect,false
23,Sherman,Densham,sdenshamm@toplist.cz,Staff Scientist,true
24,Lynna,Allabush,lallabushn@lulu.com,Project Manager,false
25,Ynes,Roelvink,yroelvinko@sohu.com,Product Engineer,true
26,Maryl,Adnam,madnamp@psu.edu,Design Engineer,false
27,Viviene,Hallin,vhallinq@gnu.org,Senior Editor,true
28,Nicolette,Epinay,nepinayr@fema.gov,Financial Analyst,true
29,Leta,Taberner,ltaberners@irs.gov,Safety Technician I,true
30,Sissie,Laba,slabat@ustream.tv,Automation Specialist III,true
31,Irma,Cawthorn,icawthornu@posterous.com,Occupational Therapist,false
32,Stephi,Proschke,sproschkev@i2i.jp,Operator,false
33,Laurice,Sowrah,lsowrahw@smh.com.au,Chemical Engineer,false
34,Brittni,Garfath,bgarfathx@usda.gov,Physical Therapy Assistant,false
35,Ebony,Riddall,eriddally@slate.com,Clinical Specialist,false
36,Minny,Melmore,mmelmorez@wikia.com,Registered Nurse,false
37,Hube,Divis,hdivis10@smugmug.com,Programmer Analyst I,false
38,Rickie,Ripley,rripley11@networksolutions.com,Food Chemist,false
39,Arluene,Genner,agenner12@mapy.cz,Account Coordinator,false
40,Ragnar,Desesquelle,rdesesquelle13@multiply.com,Environmental Tech,false
41,Tiffanie,Mellem,tmellem14@icq.com,Account Executive,true
42,Irita,Clubley,iclubley15@instagram.com,Electrical Engineer,false
43,Bernardina,Lehrle,blehrle16@samsung.com,Quality Engineer,true
44,Lazarus,Von Helmholtz,lvonhelmholtz17@unicef.org,Web Developer I,true
45,Ermengarde,Vatini,evatini18@nasa.gov,Actuary,true
46,Sabina,Leathart,sleathart19@free.fr,Chief Design Engineer,false
47,Lanna,Dockerty,ldockerty1a@t.co,Operator,true
48,Umeko,Bunny,ubunny1b@newsvine.com,Research Assistant I,false
49,Yasmin,Pay,ypay1c@sciencedirect.com,Senior Cost Accountant,true
50,Roman,Kobus,rkobus1d@zimbio.com,Safety Technician IV,false
51,Giorgi,Sincock,gsincock1e@instagram.com,Software Test Engineer I,true
52,Dick,Gerrill,dgerrill1f@mysql.com,Web Developer I,true
53,Hunter,Butterworth,hbutterworth1g@imgur.com,Occupational Therapist,true
54,Jessika,Jellis,jjellis1h@statcounter.com,Assistant Professor,false
55,Georg,Cassells,gcassells1i@ustream.tv,Librarian,false
56,Carmon,Bedinham,cbedinham1j@artisteer.com,Registered Nurse,true
57,Sky,Millmoe,smillmoe1k@mapquest.com,Accounting Assistant I,true
58,Andre,Warwicker,awarwicker1l@blogtalkradio.com,Internal Auditor,true
59,Viv,O'Cahsedy,vocahsedy1m@fc2.com,Project Manager,false
60,Belvia,Colcomb,bcolcomb1n@tamu.edu,Desktop Support Technician,false
61,Trudie,Gresham,tgresham1o@chicagotribune.com,Data Coordiator,false
62,Milzie,De Bruyn,mdebruyn1p@acquirethisname.com,Mechanical Systems Engineer,true
63,Gherardo,Shorte,gshorte1q@com.com,Senior Financial Analyst,true
64,Ronda,Pack,rpack1r@list-manage.com,Tax Accountant,false
65,Jessi,Diwell,jdiwell1s@woothemes.com,Structural Analysis Engineer,false
66,Loraine,Pulley,lpulley1t@tamu.edu,Actuary,false
67,Lewiss,Allday,lallday1u@naver.com,Editor,false
68,Lily,Field,lfield1v@unicef.org,Technical Writer,true
69,Livy,Chasemoore,lchasemoore1w@wufoo.com,Senior Financial Analyst,true
70,Cinnamon,Brayford,cbrayford1x@blogtalkradio.com,Environmental Tech,true
71,Maryrose,Hellsdon,mhellsdon1y@godaddy.com,Analyst Programmer,true
72,Quint,Jahndel,qjahndel1z@xrea.com,Automation Specialist I,true
73,Neil,Benbough,nbenbough20@chron.com,Computer Systems Analyst IV,true
74,Rafferty,Baroch,rbaroch21@hp.com,Account Coordinator,true
75,Geraldine,Cooper,gcooper22@oracle.com,Analyst Programmer,true
76,Bella,Dow,bdow23@bravesites.com,Civil Engineer,false
77,Denny,Thirlaway,dthirlaway24@weibo.com,Help Desk Operator,true
78,Ky,Juggings,kjuggings25@parallels.com,Senior Developer,true
79,Adrienne,Bailey,abailey26@epa.gov,Food Chemist,false
80,Tessi,Scotson,tscotson27@goodreads.com,Editor,false
81,Gerek,Edsell,gedsell28@bbc.co.uk,Junior Executive,true
82,Wilbert,Gorrie,wgorrie29@wsj.com,Staff Accountant IV,true
83,Edin,Poultney,epoultney2a@independent.co.uk,Marketing Assistant,false
84,Andee,Blackden,ablackden2b@dailymail.co.uk,Senior Financial Analyst,false
85,Eleanore,Boame,eboame2c@wix.com,Desktop Support Technician,false
86,Kipp,Rivitt,krivitt2d@dailymail.co.uk,Environmental Tech,true
87,Egbert,Leehane,eleehane2e@walmart.com,Geological Engineer,true
88,Reiko,Schermick,rschermick2f@ucoz.ru,Design Engineer,false
89,Sophronia,Kneebone,skneebone2g@qq.com,Compensation Analyst,true
90,Karlens,Tubridy,ktubridy2h@mediafire.com,Structural Analysis Engineer,false
91,Kleon,Keeves,kkeeves2i@i2i.jp,Cost Accountant,false
92,Joellyn,Thing,jthing2j@nytimes.com,Information Systems Manager,true
93,Vinnie,Falconer-Taylor,vfalconertaylor2k@cornell.edu,Assistant Manager,false
94,Clarence,Abate,cabate2l@boston.com,Librarian,false
95,Reece,Bartaloni,rbartaloni2m@oaic.gov.au,Internal Auditor,true
96,Carolee,McCray,cmccray2n@prweb.com,Professor,false
97,Fredia,McKoy,fmckoy2o@webmd.com,Junior Executive,false
98,Martguerita,Eshelby,meshelby2p@google.ca,Executive Secretary,false
99,Anson,Bedinn,abedinn2q@odnoklassniki.ru,Geologist I,true
100,Sorcha,Paunton,spaunton2r@github.com,Editor,false
101,Enrika,Gregori,egregori2s@discovery.com,Programmer Analyst III,true
102,Isabeau,Parsisson,iparsisson2t@hibu.com,Chemical Engineer,false
103,Lynnell,Broker,lbroker2u@abc.net.au,Desktop Support Technician,true
104,Sully,MacGovern,smacgovern2v@tiny.cc,Recruiting Manager,true
105,Claudianus,Scampion,cscampion2w@comcast.net,Assistant Media Planner,true
106,Skipper,Sperski,ssperski2x@eventbrite.com,VP Sales,true
107,Brit,Brookzie,bbrookzie2y@hostgator.com,Help Desk Operator,false
108,Geordie,Khomich,gkhomich2z@shareasale.com,Senior Editor,false
109,Pebrook,Doward,pdoward30@cafepress.com,Clinical Specialist,true
110,Shelley,Stewartson,sstewartson31@upenn.edu,Civil Engineer,true
111,Kylen,Wemyss,kwemyss32@admin.ch,Senior Sales Associate,true
112,Mikkel,Strafford,mstrafford33@ucoz.ru,Help Desk Operator,false
113,Hakim,Kohn,hkohn34@elegantthemes.com,Biostatistician I,false
114,Nathan,Gillion,ngillion35@weibo.com,Executive Secretary,true
115,Gunar,Garden,ggarden36@last.fm,Media Manager III,true
116,Burke,Phelip,bphelip37@nytimes.com,Professor,true
117,Silvain,Jarley,sjarley38@github.io,Marketing Manager,true
118,Fielding,Rasch,frasch39@theguardian.com,Programmer II,true
119,Mischa,Wildblood,mwildblood3a@multiply.com,Tax Accountant,true
120,Loutitia,Seery,lseery3b@slate.com,Director of Sales,true
121,Carmela,Furlow,cfurlow3c@hc360.com,Software Consultant,false
122,Noemi,Marchbank,nmarchbank3d@accuweather.com,Nurse Practicioner,false
123,Dyana,Trahearn,dtrahearn3e@redcross.org,Senior Editor,false
124,Mitchael,Baude,mbaude3f@businesswire.com,Tax Accountant,false
125,Wilek,Castan,wcastan3g@csmonitor.com,Help Desk Technician,false
126,Vyky,Sedwick,vsedwick3h@independent.co.uk,Physical Therapy Assistant,false
127,Lenee,Petruszka,lpetruszka3i@wiley.com,Assistant Professor,false
128,Idaline,Tarr,itarr3j@livejournal.com,Structural Engineer,false
129,Laurice,Bril,lbril3k@de.vu,Administrative Officer,true
130,Pippo,Smeeth,psmeeth3l@soup.io,Account Coordinator,true
131,Cordula,Le Lievre,clelievre3m@sciencedaily.com,Civil Engineer,true
132,Charmaine,Lomax,clomax3n@independent.co.uk,Geological Engineer,false
133,Otto,Anelay,oanelay3o@ft.com,Help Desk Operator,true
134,Mollee,Mongenot,mmongenot3p@hatena.ne.jp,Nurse Practicioner,true
135,Ilyse,Mynard,imynard3q@yandex.ru,Environmental Tech,false
136,Kristy,Daveren,kdaveren3r@a8.net,Assistant Media Planner,true
137,Abeu,Baynon,abaynon3s@europa.eu,Product Engineer,true
138,Miof mela,Szymonwicz,mszymonwicz3t@sbwire.com,Research Associate,false
139,Marni,Albro,malbro3u@wunderground.com,VP Sales,false
140,Ed,Fears,efears3v@slashdot.org,Professor,false
141,Bren,Ferrea,bferrea3w@spiegel.de,Senior Cost Accountant,true
142,Ad,MacLardie,amaclardie3x@cbc.ca,Legal Assistant,true
143,Willetta,Gai,wgai3y@msu.edu,Administrative Assistant II,true
144,Caprice,Gallienne,cgallienne3z@sfgate.com,Computer Systems Analyst III,true
145,Fanechka,Billany,fbillany40@dmoz.org,Professor,false
146,Carrissa,Kinvan,ckinvan41@linkedin.com,Research Associate,false
147,Vladamir,Antalffy,vantalffy42@dell.com,Assistant Professor,true
148,Blake,Quigley,bquigley43@twitpic.com,Chief Design Engineer,false
149,Beitris,Lapham,blapham44@technorati.com,Assistant Media Planner,true
150,Emili,Bailes,ebailes45@uol.com.br,Staff Accountant I,false
151,Leia,Champneys,lchampneys46@thetimes.co.uk,Editor,true
152,Ann,Yon,ayon47@ow.ly,Structural Engineer,true
153,Karia,Doldon,kdoldon48@youku.com,General Manager,true
154,Lyndsey,Creaven,lcreaven49@washington.edu,Marketing Assistant,true
155,Fayina,Hurlston,fhurlston4a@unesco.org,Research Assistant I,true
156,Jaimie,Leavey,jleavey4b@mysql.com,Chemical Engineer,false
157,Maryjo,Worsam,mworsam4c@constantcontact.com,Budget/Accounting Analyst I,true
158,Amabelle,Murby,amurby4d@is.gd,Clinical Specialist,true
159,Melesa,Follows,mfollows4e@shinystat.com,Developer III,false
160,Francene,Grundy,fgrundy4f@bravesites.com,Desktop Support Technician,true
161,Mignonne,Jocelyn,mjocelyn4g@ifeng.com,Financial Advisor,true
162,Uriah,Aymeric,uaymeric4h@xing.com,Staff Scientist,true
163,Finlay,Pauly,fpauly4i@huffingtonpost.com,Environmental Specialist,false
164,Sholom,Gregoli,sgregoli4j@pagesperso-orange.fr,Recruiting Manager,true
165,Lindsay,Holywell,lholywell4k@baidu.com,Nurse,true
166,Electra,Arnholz,earnholz4l@usatoday.com,Product Engineer,false
167,Vale,Shakspeare,vshakspeare4m@live.com,Nuclear Power Engineer,false
168,Damita,Yakobowitz,dyakobowitz4n@cnbc.com,Mechanical Systems Engineer,false
169,Sonnie,Clarey,sclarey4o@instagram.com,Account Executive,true
170,Mort,Fullard,mfullard4p@slideshare.net,Media Manager II,false
171,Ruby,Adamov,radamov4q@elegantthemes.com,Office Assistant I,true
172,Dasi,Pear,dpear4r@t.co,Quality Control Specialist,false
173,Bamby,Kunze,bkunze4s@bluehost.com,VP Quality Control,false
174,Benita,Hammand,bhammand4t@reuters.com,Registered Nurse,false
175,Kristian,Doddrell,kdoddrell4u@creativecommons.org,Professor,true
176,Sileas,Wherton,swherton4v@123-reg.co.uk,Web Designer II,true
177,Frants,Jaan,fjaan4w@typepad.com,Physical Therapy Assistant,false
178,Phelia,Wanjek,pwanjek4x@jalbum.net,Nuclear Power Engineer,true
179,Lilly,Antonin,lantonin4y@howstuffworks.com,Budget/Accounting Analyst II,false
180,Akim,Garritley,agarritley4z@vk.com,Civil Engineer,false
181,Guthrie,Denslow,gdenslow50@meetup.com,Computer Systems Analyst III,false
182,Aluin,Upson,aupson51@nyu.edu,VP Sales,true
183,Ailyn,Turnell,aturnell52@ibm.com,Chief Design Engineer,false
184,Pernell,Saunton,psaunton53@wikia.com,Quality Engineer,false
185,Trefor,Hastwall,thastwall54@wisc.edu,Nurse Practicioner,false
186,Morry,Dik,mdik55@webmd.com,Software Test Engineer IV,false
187,Ramsay,Kobus,rkobus56@angelfire.com,Statistician IV,true
188,Benson,Southam,bsoutham57@unc.edu,Pharmacist,true
189,Junie,Hoodless,jhoodless58@squidoo.com,Research Nurse,true
190,Ettie,Damato,edamato59@naver.com,Social Worker,false
191,Miller,Casol,mcasol5a@sfgate.com,VP Accounting,false
192,Margarette,Likely,mlikely5b@usa.gov,Automation Specialist I,false
193,Nanice,Lembrick,nlembrick5c@ifeng.com,Staff Accountant IV,true
194,Berri,Nel,bnel5d@chronoengine.com,Clinical Specialist,false
195,Russ,Arnaez,rarnaez5e@unesco.org,Research Associate,true
196,Husein,Godsafe,hgodsafe5f@lycos.com,VP Sales,false
197,Damaris,Piscopo,dpiscopo5g@youku.com,Software Consultant,false
198,Jere,Baraja,jbaraja5h@seesaa.net,Administrative Officer,false
199,Hollyanne,Reimer,hreimer5i@toplist.cz,Community Outreach Specialist,true
200,Lefty,Storey,lstorey5j@pbs.org,Assistant Manager,true
201,Benji,Stredder,bstredder5k@slate.com,Senior Editor,true
202,Alma,Martinet,amartinet5l@buzzfeed.com,Editor,false
203,Diego,Van der Mark,dvandermark5m@indiatimes.com,Human Resources Assistant II,false
204,Lewes,McFadden,lmcfadden5n@weather.com,Computer Systems Analyst IV,true
205,Farand,Seabrocke,fseabrocke5o@alibaba.com,Software Test Engineer IV,false
206,Cara,Sowter,csowter5p@so-net.ne.jp,Staff Scientist,true
207,Alastair,Mulcaster,amulcaster5q@webs.com,Administrative Officer,false
208,Lizabeth,Leathart,lleathart5r@elpais.com,Research Assistant IV,false
209,Enrichetta,Unthank,eunthank5s@hc360.com,Account Coordinator,false
210,Nanice,Amy,namy5t@mlb.com,Junior Executive,true
211,Walther,Hasard,whasard5u@springer.com,Nurse Practicioner,true
212,Murial,Chatters,mchatters5v@ning.com,Sales Representative,true
213,Sapphire,Shuxsmith,sshuxsmith5w@geocities.com,Business Systems Development Analyst,true
214,Domenic,Berryman,dberryman5x@walmart.com,Accounting Assistant III,false
215,Anne-corinne,Georgievski,ageorgievski5y@wsj.com,Marketing Manager,true
216,Nicolai,Niesegen,nniesegen5z@unc.edu,Media Manager II,true
217,Eldin,Bouzan,ebouzan60@about.com,Food Chemist,true
218,Josee,Buffy,jbuffy61@soup.io,Associate Professor,true
219,Dianne,Jacqueme,djacqueme62@so-net.ne.jp,Registered Nurse,true
220,Isa,Morratt,imorratt63@liveinternet.ru,Civil Engineer,false
221,Jervis,Didsbury,jdidsbury64@jigsy.com,Business Systems Development Analyst,true
222,Finlay,Luthwood,fluthwood65@soundcloud.com,Senior Developer,false
223,Dedra,Pyatt,dpyatt66@europa.eu,VP Sales,false
224,Steffie,Sanson,ssanson67@elpais.com,Marketing Assistant,false
225,Dolores,Boffey,dboffey68@cisco.com,GIS Technical Architect,true
226,Rudolfo,Genery,rgenery69@sfgate.com,Account Coordinator,true
227,Filberto,Coverdale,fcoverdale6a@miibeian.gov.cn,Information Systems Manager,false
228,Archambault,Goodbar,agoodbar6b@vinaora.com,Project Manager,false
229,Griz,Denk,gdenk6c@networksolutions.com,Graphic Designer,false
230,Tamas,Wroath,twroath6d@dell.com,Cost Accountant,true
231,Beryl,Ryce,bryce6e@bigcartel.com,Web Developer III,false
232,Rosaleen,Maffioni,rmaffioni6f@t.co,Database Administrator III,false
233,Carola,Gyde,cgyde6g@shinystat.com,Community Outreach Specialist,true
234,Rennie,Duthie,rduthie6h@cmu.edu,Nurse Practicioner,true
235,Cynde,Lampbrecht,clampbrecht6i@studiopress.com,Senior Financial Analyst,true
236,Phip,Bisseker,pbisseker6j@deviantart.com,Accounting Assistant III,false
237,Suzanne,MacNulty,smacnulty6k@opera.com,Budget/Accounting Analyst I,false
238,Desmond,Boyack,dboyack6l@ehow.com,Environmental Tech,false
239,Timotheus,Sustins,tsustins6m@globo.com,Database Administrator I,false
240,Madonna,Blezard,mblezard6n@berkeley.edu,Chief Design Engineer,true
241,Wiatt,Steeden,wsteeden6o@businesswire.com,Account Coordinator,false
242,Benedetta,de Savery,bdesavery6p@webeden.co.uk,Occupational Therapist,true
243,Devlin,MacLeod,dmacleod6q@miibeian.gov.cn,Assistant Media Planner,false
244,Deeanne,Beaven,dbeaven6r@marriott.com,Senior Cost Accountant,false
245,Wright,MacIlhargy,wmacilhargy6s@admin.ch,Nurse Practicioner,true
246,Alfy,Jorck,ajorck6t@tmall.com,Technical Writer,false
247,Kelley,Kelloch,kkelloch6u@dyndns.org,Research Assistant III,false
248,Tamarah,Itzig,titzig6v@toplist.cz,VP Sales,false
249,Reade,Sweedy,rsweedy6w@cam.ac.uk,Structural Analysis Engineer,false
250,Konstantine,Eisikovitsh,keisikovitsh6x@uiuc.edu,Accountant III,true
251,Benton,Barron,bbarron6y@youku.com,Account Representative I,false
252,Ewen,Haking,ehaking6z@goodreads.com,Tax Accountant,true
253,Dannye,Vankov,dvankov70@goo.ne.jp,Human Resources Manager,true
254,Breena,Ferrero,bferrero71@cbslocal.com,Quality Control Specialist,true
255,Ellene,Harmston,eharmston72@webmd.com,Business Systems Development Analyst,false
256,Arlena,Renak,arenak73@163.com,Staff Scientist,false
257,Desmond,felip,dfelip74@umn.edu,Quality Engineer,true
258,Verney,McChruiter,vmcchruiter75@youku.com,Research Nurse,true
259,Ronni,Rockhall,rrockhall76@i2i.jp,Design Engineer,true
260,Archer,Wealleans,awealleans77@skyrock.com,Information Systems Manager,false
261,Albert,Smedmoor,asmedmoor78@independent.co.uk,Help Desk Technician,true
262,Honey,Dormand,hdormand79@shutterfly.com,Systems Administrator II,false
263,Dion,Le Noury,dlenoury7a@slate.com,Director of Sales,true
264,Gwendolen,Labone,glabone7b@about.me,Product Engineer,false
265,Mufi,Saunderson,msaunderson7c@xinhuanet.com,Biostatistician I,true
266,Charlot,Torre,ctorre7d@tuttocitta.it,Financial Analyst,true
267,Federico,Wiper,fwiper7e@upenn.edu,Physical Therapy Assistant,true
268,Collin,Caswall,ccaswall7f@goo.gl,Technical Writer,true
269,Chelsie,Tink,ctink7g@noaa.gov,Dental Hygienist,false
270,Stefa,Elphick,selphick7h@blogspot.com,VP Sales,true
271,Josee,Pawfoot,jpawfoot7i@feedburner.com,Marketing Assistant,true
272,Laughton,Riddock,lriddock7j@a8.net,Tax Accountant,false
273,Allayne,Spackman,aspackman7k@com.com,Environmental Tech,false
274,Tait,Pashan,tpashan7l@scientificamerican.com,Automation Specialist III,true
275,Hollis,Licari,hlicari7m@webs.com,Dental Hygienist,false
276,Ruggiero,Gull,rgull7n@acquirethisname.com,Office Assistant IV,false
277,Mireille,Palmer,mpalmer7o@behance.net,Sales Representative,true
278,Cleon,McCrackem,cmccrackem7p@istockphoto.com,Information Systems Manager,true
279,Aloin,Meah,ameah7q@ameblo.jp,Structural Engineer,false
280,Keefer,Essery,kessery7r@ftc.gov,Account Representative II,true
281,Payton,Hanfrey,phanfrey7s@cloudflare.com,Desktop Support Technician,false
282,Gerrard,Dufaur,gdufaur7t@apple.com,Assistant Professor,true
283,Abraham,Micheu,amicheu7u@topsy.com,Software Engineer I,true
284,Ailbert,Foulkes,afoulkes7v@harvard.edu,Internal Auditor,true
285,Ryann,Peevor,rpeevor7w@npr.org,Assistant Media Planner,true
286,Charline,McSkeagan,cmcskeagan7x@bloomberg.com,Compensation Analyst,true
287,Reynold,Plewman,rplewman7y@wiley.com,Community Outreach Specialist,true
288,Idalia,Speir,ispeir7z@list-manage.com,Senior Developer,true
289,Mignon,Donkersley,mdonkersley80@miibeian.gov.cn,Safety Technician II,true
290,Manya,Brissenden,mbrissenden81@nba.com,Physical Therapy Assistant,false
291,Orran,Corderoy,ocorderoy82@forbes.com,Office Assistant II,false
292,Ola,Longfield,olongfield83@fc2.com,VP Quality Control,false
293,Sharai,Surmeyers,ssurmeyers84@fda.gov,Human Resources Assistant II,false
294,Jerry,Sutter,jsutter85@wordpress.org,Assistant Media Planner,false
295,Richy,Hainge,rhainge86@example.com,Analyst Programmer,false
296,Riccardo,Block,rblock87@unblog.fr,Accounting Assistant III,true
297,Eugen,Carbonell,ecarbonell88@meetup.com,Programmer IV,true
298,Druci,Gipson,dgipson89@opera.com,Research Assistant I,false
299,Donnie,Farress,dfarress8a@nps.gov,Physical Therapy Assistant,true
300,Milicent,Russi,mrussi8b@macromedia.com,Programmer III,true
301,Zorah,Jarratt,zjarratt8c@ameblo.jp,Media Manager IV,true
302,Hinda,Choat,hchoat8d@sitemeter.com,Clinical Specialist,true
303,Goldina,Sancho,gsancho8e@yahoo.com,Junior Executive,true
304,Ewan,Boreham,eboreham8f@bbc.co.uk,VP Marketing,true
305,Henrietta,Priestnall,hpriestnall8g@constantcontact.com,Staff Accountant I,false
306,Morgen,Glassman,mglassman8h@wiley.com,Accounting Assistant IV,true
307,Suzy,Nunnery,snunnery8i@statcounter.com,Marketing Assistant,true
308,Nana,Harle,nharle8j@salon.com,Payment Adjustment Coordinator,false
309,Adair,Bonafant,abonafant8k@statcounter.com,Clinical Specialist,true
310,Dallas,Lamplugh,dlamplugh8l@exblog.jp,Data Coordiator,true
311,Katheryn,Goulborne,kgoulborne8m@tuttocitta.it,Staff Scientist,true
312,Quillan,Gretton,qgretton8n@eepurl.com,Mechanical Systems Engineer,false
313,Dorian,Aronstein,daronstein8o@nhs.uk,Information Systems Manager,false
314,Madelena,Gland,mgland8p@acquirethisname.com,Senior Developer,false
315,Tobye,O'Cassidy,tocassidy8q@dropbox.com,Software Consultant,false
316,Jaymee,Etheredge,jetheredge8r@typepad.com,Compensation Analyst,true
317,Caterina,Petracchi,cpetracchi8s@biblegateway.com,Sales Associate,true
318,Robby,Ivett,rivett8t@amazon.co.jp,Payment Adjustment Coordinator,false
319,Gertie,Dallewater,gdallewater8u@cnet.com,Office Assistant I,true
320,Terrye,Lighton,tlighton8v@bravesites.com,Civil Engineer,true
321,Ebeneser,Hebbes,ehebbes8w@admin.ch,VP Product Management,false
322,Cory,Grealish,cgrealish8x@auda.org.au,Structural Analysis Engineer,true
323,Amil,Milson,amilson8y@yellowpages.com,Structural Engineer,true
324,Blake,Hornbuckle,bhornbuckle8z@europa.eu,Sales Associate,false
325,Cassi,Shaxby,cshaxby90@eepurl.com,Community Outreach Specialist,true
326,Salli,Alpes,salpes91@webs.com,Web Developer I,true
327,Peg,Carnson,pcarnson92@abc.net.au,Social Worker,false
328,Clay,Otterwell,cotterwell93@bbb.org,Help Desk Technician,false
329,Kellsie,Meere,kmeere94@ucoz.com,Clinical Specialist,false
330,Lazarus,Rive,lrive95@miitbeian.gov.cn,General Manager,true
331,Moises,Tungate,mtungate96@tuttocitta.it,Legal Assistant,false
332,Marissa,Spours,mspours97@slashdot.org,VP Product Management,false
333,Mamie,Sapseed,msapseed98@webeden.co.uk,Database Administrator II,false
334,Urson,Blazey,ublazey99@google.com.au,Community Outreach Specialist,true
335,Nan,Sallowaye,nsallowaye9a@nsw.gov.au,Computer Systems Analyst I,false
336,Joice,Vanstone,jvanstone9b@surveymonkey.com,Community Outreach Specialist,false
337,Dorie,Kleyn,dkleyn9c@github.com,Speech Pathologist,true
338,Dalt,Srutton,dsrutton9d@noaa.gov,Information Systems Manager,true
339,Jesselyn,Senter,jsenter9e@sakura.ne.jp,Information Systems Manager,false
340,Hildagard,Janous,hjanous9f@mysql.com,Automation Specialist II,false
341,Melisa,Rallinshaw,mrallinshaw9g@freewebs.com,Assistant Professor,true
342,Agnes,Cabedo,acabedo9h@netlog.com,Professor,false
343,Reinaldos,Allitt,rallitt9i@who.int,Senior Quality Engineer,false
344,Athene,Sumpter,asumpter9j@nasa.gov,Analyst Programmer,true
345,Mildred,Rubica,mrubica9k@ft.com,Executive Secretary,true
346,Ardella,De Cristoforo,adecristoforo9l@livejournal.com,Senior Quality Engineer,false
347,Laurice,Sybbe,lsybbe9m@ask.com,Software Test Engineer II,false
348,Cindie,Vergo,cvergo9n@macromedia.com,Environmental Tech,false
349,Frederic,Tow,ftow9o@nationalgeographic.com,Editor,true
350,Gwenni,Keston,gkeston9p@tmall.com,Structural Analysis Engineer,false
351,Bell,Sawell,bsawell9q@biblegateway.com,Staff Accountant IV,false
352,Gaspar,Inman,ginman9r@nps.gov,Sales Representative,false
353,Hakeem,Tilzey,htilzey9s@ibm.com,Internal Auditor,false
354,Letitia,Beisley,lbeisley9t@dyndns.org,Information Systems Manager,false
355,Elinore,Sinfield,esinfield9u@clickbank.net,Financial Analyst,true
356,Cornelia,Dunham,cdunham9v@w3.org,Account Executive,true
357,Cthrine,Galle,cgalle9w@edublogs.org,VP Quality Control,false
358,Kelwin,Chivers,kchivers9x@zimbio.com,Business Systems Development Analyst,true
359,Alison,Basile,abasile9y@fotki.com,Business Systems Development Analyst,true
360,Kele,Cauldfield,kcauldfield9z@vinaora.com,Human Resources Manager,true
361,Lon,O'Canavan,locanavana0@nhs.uk,Human Resources Manager,false
362,Sam,Smalles,ssmallesa1@goo.gl,Electrical Engineer,false
363,Lanita,Ibotson,libotsona2@reddit.com,Cost Accountant,true
364,Inesita,Heale,ihealea3@chron.com,Paralegal,false
365,Marj,Robbel,mrobbela4@naver.com,Computer Systems Analyst I,false
366,Ingaberg,Giaomozzo,igiaomozzoa5@bloglines.com,Cost Accountant,true
367,Ban,Pavese,bpavesea6@biblegateway.com,Programmer II,true
368,Jefferey,Gowen,jgowena7@paginegialle.it,Community Outreach Specialist,true
369,Maddalena,Luckes,mluckesa8@reference.com,Compensation Analyst,false
370,Keefe,Nappin,knappina9@t.co,Actuary,false
371,Kelley,Wilcott,kwilcottaa@prnewswire.com,Assistant Professor,true
372,Nikki,Kloska,nkloskaab@baidu.com,Product Engineer,false
373,Herbert,Cussins,hcussinsac@mayoclinic.com,Data Coordiator,false
374,Dodie,Yeabsley,dyeabsleyad@ucla.edu,Automation Specialist I,true
375,Hamid,O'Sherrin,hosherrinae@shinystat.com,Editor,true
376,Pascale,Shrimplin,pshrimplinaf@mediafire.com,Research Associate,false
377,Ursula,Lamlin,ulamlinag@mapquest.com,Budget/Accounting Analyst IV,true
378,Guglielma,Pernell,gpernellah@symantec.com,VP Sales,false
379,Nick,Lodge,nlodgeai@mapy.cz,Teacher,true
380,Zachariah,Dulson,zdulsonaj@techcrunch.com,Accountant IV,false
381,Ruthi,Evison,revisonak@scribd.com,Associate Professor,true
382,Albie,Mayoh,amayohal@netvibes.com,Project Manager,false
383,Grange,Bostick,gbostickam@amazon.co.jp,Quality Control Specialist,true
384,Libbi,Link,llinkan@ox.ac.uk,Research Nurse,true
385,Justis,O'Flaverty,joflavertyao@icq.com,Analog Circuit Design manager,false
386,Dewey,Delete,ddeleteap@taobao.com,Structural Engineer,true
387,Aggi,Silliman,asillimanaq@indiatimes.com,Desktop Support Technician,false
388,Mathew,Wilfling,mwilflingar@pinterest.com,Nurse,true
389,Thane,Reignolds,treignoldsas@prlog.org,Statistician III,true
390,Sayer,Voysey,svoyseyat@privacy.gov.au,Speech Pathologist,true
391,Margaretha,Graundisson,mgraundissonau@istockphoto.com,Librarian,false
392,Page,Dulany,pdulanyav@ehow.com,Research Assistant III,false
393,Frederique,Kimbell,fkimbellaw@github.io,Account Executive,false
394,Rolph,Legan,rleganax@friendfeed.com,Business Systems Development Analyst,true
395,Gage,Doey,gdoeyay@alibaba.com,VP Product Management,false
396,Merna,Carnier,mcarnieraz@imageshack.us,Desktop Support Technician,false
397,Myrvyn,Cranmor,mcranmorb0@dailymail.co.uk,Administrative Officer,false
398,Janot,Kasparski,jkasparskib1@fotki.com,Research Nurse,false
399,Weylin,Franc,wfrancb2@storify.com,Dental Hygienist,true
400,Maryjane,Whiles,mwhilesb3@themeforest.net,Administrative Assistant III,true
401,Evy,Traviss,etravissb4@lycos.com,Technical Writer,false
402,Keen,Haighton,khaightonb5@pinterest.com,Business Systems Development Analyst,false
403,Burlie,Skoggins,bskogginsb6@imageshack.us,Nurse,true
404,Oren,Harrowing,oharrowingb7@sourceforge.net,Accounting Assistant I,false
405,Jo ann,MacCahee,jmaccaheeb8@bloglines.com,Graphic Designer,false
406,Riane,Kohlerman,rkohlermanb9@npr.org,Technical Writer,true
407,Edmund,Stretton,estrettonba@disqus.com,Professor,false
408,Lane,Escott,lescottbb@list-manage.com,Electrical Engineer,false
409,Maris,Godspede,mgodspedebc@pagesperso-orange.fr,Developer II,false
410,Carlina,Reglar,creglarbd@hibu.com,Recruiting Manager,false
411,Dewey,Braffington,dbraffingtonbe@google.com.br,Statistician I,false
412,Keane,Yeiles,kyeilesbf@shinystat.com,Teacher,true
413,Nonnah,Zuker,nzukerbg@biblegateway.com,Developer II,false
414,Brose,Haddleton,bhaddletonbh@forbes.com,Speech Pathologist,false
415,Shellysheldon,Holyard,sholyardbi@privacy.gov.au,Biostatistician II,true
416,Lisetta,Covolini,lcovolinibj@taobao.com,Clinical Specialist,false
417,Noemi,Nickols,nnickolsbk@opensource.org,Budget/Accounting Analyst I,false
418,Wald,Cassie,wcassiebl@bing.com,GIS Technical Architect,false
419,Chrissie,Formby,cformbybm@answers.com,Assistant Manager,true
420,Danielle,Zorzenoni,dzorzenonibn@ebay.com,Speech Pathologist,true
421,Ryann,Claughton,rclaughtonbo@state.gov,Editor,true
422,Jeramie,Fridlington,jfridlingtonbp@nymag.com,Research Assistant II,false
423,Pammy,Hilldrop,philldropbq@hostgator.com,Media Manager I,false
424,Mehetabel,Mille,mmillebr@newsvine.com,Account Representative I,false
425,Sibylle,O'Crotty,socrottybs@ycombinator.com,Environmental Tech,false
426,Upton,Routledge,uroutledgebt@google.es,Senior Editor,true
427,Emelia,Loverock,eloverockbu@comsenz.com,Electrical Engineer,false
428,Emmalyn,Wilcox,ewilcoxbv@newsvine.com,Nurse,false
429,Cam,Yuryichev,cyuryichevbw@epa.gov,Pharmacist,false
430,Gabriel,Scotchforth,gscotchforthbx@studiopress.com,Human Resources Assistant III,true
431,Orsola,Selway,oselwayby@hc360.com,VP Quality Control,false
432,Seward,Albin,salbinbz@who.int,Cost Accountant,true
433,Cathi,Bail,cbailc0@sbwire.com,Geologist III,true
434,Eal,Robbie,erobbiec1@cdbaby.com,Sales Associate,false
435,Adey,Counsell,acounsellc2@webeden.co.uk,Web Designer IV,true
436,Rianon,Nelmes,rnelmesc3@cnbc.com,Senior Editor,true
437,Winnie,Airth,wairthc4@phoca.cz,Programmer Analyst III,true
438,Hyatt,Farriar,hfarriarc5@google.com.br,Research Nurse,true
439,Barbra,Strahan,bstrahanc6@msu.edu,Health Coach I,false
440,Sibyl,Doige,sdoigec7@pcworld.com,Chief Design Engineer,false
441,Hamilton,Stitson,hstitsonc8@npr.org,Analog Circuit Design manager,false
442,Cristen,Doull,cdoullc9@independent.co.uk,Software Engineer II,true
443,Xenia,Timewell,xtimewellca@youtube.com,Design Engineer,false
444,Salomo,Birkett,sbirkettcb@bizjournals.com,Professor,true
445,Antonino,Feilden,afeildencc@360.cn,Operator,false
446,Abbye,Rendbaek,arendbaekcd@wired.com,Actuary,false
447,Leda,McKenney,lmckenneyce@instagram.com,Dental Hygienist,false
448,Ninon,Hendriksen,nhendriksencf@illinois.edu,Administrative Assistant III,true
449,Carley,Gildersleeve,cgildersleevecg@rakuten.co.jp,Software Engineer IV,true
450,Beilul,Grabiec,bgrabiecch@over-blog.com,Senior Financial Analyst,true
451,Lonnie,Syder,lsyderci@gizmodo.com,Senior Sales Associate,true
452,Dorise,Gowthorpe,dgowthorpecj@uol.com.br,Librarian,false
453,Tiffi,Fullard,tfullardck@weebly.com,Senior Quality Engineer,true
454,Fionnula,Tomaino,ftomainocl@tumblr.com,Statistician III,false
455,Alyda,Crimpe,acrimpecm@stanford.edu,Graphic Designer,true
456,Horatio,Van Der Hoog,hvanderhoogcn@dion.ne.jp,Database Administrator II,false
457,Colene,Admans,cadmansco@rambler.ru,Payment Adjustment Coordinator,true
458,Doyle,Methley,dmethleycp@woothemes.com,VP Product Management,true
459,Bernard,Harriot,bharriotcq@cam.ac.uk,Human Resources Assistant IV,true
460,Dawn,Wharby,dwharbycr@rambler.ru,Structural Analysis Engineer,true
461,Elyse,Amey,eameycs@baidu.com,Software Test Engineer III,false
462,Saba,Simco,ssimcoct@hhs.gov,Analyst Programmer,false
463,Lark,Ferrotti,lferrotticu@altervista.org,Marketing Assistant,true
464,Camey,Schlagman,cschlagmancv@sohu.com,Occupational Therapist,false
465,Martguerita,Pittman,mpittmancw@de.vu,Teacher,true
466,Tomasine,Sopper,tsoppercx@ning.com,Professor,false
467,Dayna,Ullrich,dullrichcy@census.gov,Professor,true
468,Binni,Lotze,blotzecz@sogou.com,Clinical Specialist,false
469,Athena,Bernet,abernetd0@tuttocitta.it,Occupational Therapist,true
470,Jeannine,Petrosian,jpetrosiand1@spiegel.de,Safety Technician II,false
471,Palm,Morfield,pmorfieldd2@yahoo.com,Occupational Therapist,false
472,Port,Hatherleigh,phatherleighd3@narod.ru,Account Executive,false
473,Borg,Vicarey,bvicareyd4@hud.gov,Help Desk Operator,false
474,Elisha,Barczewski,ebarczewskid5@mtv.com,Internal Auditor,false
475,Liva,Ceschelli,lceschellid6@ucoz.com,Recruiter,true
476,Lars,McCleod,lmccleodd7@artisteer.com,Web Developer II,false
477,Heywood,Heditch,hheditchd8@hud.gov,Clinical Specialist,true
478,Ashby,Larvin,alarvind9@wiley.com,Financial Analyst,false
479,Shell,Banthorpe,sbanthorpeda@theglobeandmail.com,Biostatistician III,true
480,Suzann,Goodsell,sgoodselldb@qq.com,Senior Cost Accountant,false
481,Winne,Greenroa,wgreenroadc@jigsy.com,Human Resources Assistant III,false
482,Norene,Micheu,nmicheudd@bandcamp.com,Software Consultant,true
483,Merilyn,Trippett,mtrippettde@reverbnation.com,Paralegal,false
484,Vevay,Buntin,vbuntindf@usatoday.com,VP Accounting,true
485,Dorothea,O'Fielly,dofiellydg@smugmug.com,Assistant Professor,false
486,Marilyn,Labbez,mlabbezdh@xinhuanet.com,Help Desk Operator,true
487,Averell,Sillett,asillettdi@4shared.com,Sales Representative,false
488,Edan,Dillingham,edillinghamdj@zimbio.com,Design Engineer,false
489,Halie,Knottley,hknottleydk@google.pl,Web Developer II,true
490,Calhoun,Coundley,ccoundleydl@infoseek.co.jp,Senior Developer,true
491,Ivar,Sturdy,isturdydm@yahoo.co.jp,Tax Accountant,false
492,Peri,McGuinness,pmcguinnessdn@google.co.uk,Software Engineer III,true
493,Juline,Sprason,jsprasondo@hubpages.com,Project Manager,false
494,Cort,Peterken,cpeterkendp@ask.com,Executive Secretary,true
495,Drud,Stairmand,dstairmanddq@myspace.com,Executive Secretary,false
496,Adria,Easen,aeasendr@themeforest.net,Human Resources Manager,true
497,Theo,Willers,twillersds@kickstarter.com,Assistant Manager,false
498,Dasi,Ortsmann,dortsmanndt@chicagotribune.com,Sales Associate,false
499,Shina,Gretham,sgrethamdu@odnoklassniki.ru,Computer Systems Analyst IV,true
500,Quentin,Gilloran,qgillorandv@dot.gov,Biostatistician IV,true
501,Susan,Doudny,sdoudnydw@biblegateway.com,VP Product Management,true
502,Salvador,Catcherside,scatchersidedx@moonfruit.com,Safety Technician IV,false
503,Jonell,Flint,jflintdy@whitehouse.gov,Business Systems Development Analyst,false
504,Ann,Dumigan,adumigandz@csmonitor.com,Automation Specialist IV,false
505,Kris,Skaife d'Ingerthorpe,kskaifedingerthorpee0@admin.ch,Physical Therapy Assistant,true
506,Inglis,Taffley,itaffleye1@hhs.gov,Physical Therapy Assistant,false
507,Monroe,Gero,mgeroe2@wikia.com,Web Developer I,true
508,Gene,Fergie,gfergiee3@mlb.com,Programmer Analyst II,true
509,Karie,Hawkett,khawkette4@epa.gov,Senior Sales Associate,true
510,Dorthea,Nancarrow,dnancarrowe5@51.la,Business Systems Development Analyst,true
511,Tull,Lanchbury,tlanchburye6@nih.gov,Office Assistant I,false
512,Saraann,Dow,sdowe7@icq.com,Staff Scientist,true
513,Vlad,Esley,vesleye8@mlb.com,Human Resources Manager,true
514,Darren,Ert,derte9@latimes.com,Accountant III,false
515,Marie-ann,Liepmann,mliepmannea@google.com.br,Information Systems Manager,true
516,Woodrow,Lehrian,wlehrianeb@weebly.com,Mechanical Systems Engineer,false
517,Althea,Pashe,apasheec@baidu.com,Librarian,true
518,Augy,Innocent,ainnocented@seattletimes.com,Senior Cost Accountant,true
519,Lyell,Macklam,lmacklamee@pbs.org,VP Sales,false
520,Justinian,Tallow,jtallowef@wisc.edu,Senior Quality Engineer,false
521,Steffie,Morritt,smorritteg@storify.com,Analog Circuit Design manager,false
522,Storm,Mollon,smolloneh@amazon.com,Senior Editor,false
523,Olenka,Adel,oadelei@imageshack.us,VP Quality Control,true
524,Farly,Culvey,fculveyej@blogs.com,Civil Engineer,false
525,Fidel,Sneezum,fsneezumek@acquirethisname.com,Nuclear Power Engineer,false
526,Sophi,Balmadier,sbalmadierel@vinaora.com,Financial Analyst,true
527,Israel,Stallan,istallanem@wiley.com,Data Coordiator,false
528,Rhys,Fleet,rfleeten@prlog.org,Marketing Assistant,false
529,Nolana,Rupel,nrupeleo@spiegel.de,Information Systems Manager,false
530,Robert,Bownd,rbowndep@hp.com,Quality Engineer,true
531,Johanna,Cayzer,jcayzereq@blog.com,Web Developer I,false
532,Romy,Chander,rchanderer@usa.gov,Structural Engineer,true
533,Chad,Capelen,ccapelenes@whitehouse.gov,Chemical Engineer,true
534,Braden,Welbourn,bwelbournet@mlb.com,Web Developer IV,true
535,Thorin,Ballingal,tballingaleu@microsoft.com,Health Coach I,false
536,Freddie,Marking,fmarkingev@liveinternet.ru,Research Nurse,false
537,Hardy,Qualtro,hqualtroew@ameblo.jp,Human Resources Assistant II,false
538,Margeaux,Houltham,mhoulthamex@behance.net,Senior Developer,true
539,Boony,Jachtym,bjachtymey@reddit.com,Junior Executive,false
540,Shoshana,Flory,sfloryez@gmpg.org,Chief Design Engineer,false
541,Hollis,McPharlain,hmcpharlainf0@weather.com,Account Coordinator,true
542,Robinia,Antrim,rantrimf1@mac.com,Information Systems Manager,false
543,York,Kenrick,ykenrickf2@nature.com,Recruiting Manager,false
544,Daryl,Larvin,dlarvinf3@ebay.com,Chief Design Engineer,false
545,Stanley,Janu,sjanuf4@nymag.com,VP Quality Control,true
546,Augustine,Verrell,averrellf5@networksolutions.com,Financial Analyst,true
547,Rodger,Stallwood,rstallwoodf6@gizmodo.com,Media Manager IV,true
548,Michell,Stronough,mstronoughf7@house.gov,Paralegal,true
549,Shelba,Howett,showettf8@zimbio.com,Structural Analysis Engineer,true
550,Bonnie,Andrzej,bandrzejf9@webs.com,Sales Representative,true
551,Lisabeth,Maltster,lmaltsterfa@goo.gl,Speech Pathologist,false
552,Elena,Willerstone,ewillerstonefb@pen.io,Information Systems Manager,true
553,Jaquenetta,Stollmeyer,jstollmeyerfc@nhs.uk,Office Assistant I,true
554,Tobit,Fisbey,tfisbeyfd@tumblr.com,Research Associate,true
555,Christoph,Gandy,cgandyfe@senate.gov,Geological Engineer,true
556,Jard,Tomeo,jtomeoff@deliciousdays.com,Financial Analyst,true
557,Symon,Balint,sbalintfg@t.co,Software Test Engineer I,true
558,Christy,Jaye,cjayefh@vinaora.com,Assistant Manager,false
559,Demetre,Pelz,dpelzfi@umn.edu,Staff Accountant IV,true
560,Ellerey,Josland,ejoslandfj@purevolume.com,Engineer I,true
561,Sileas,Dienes,sdienesfk@buzzfeed.com,Dental Hygienist,false
562,Jade,Blenkinsopp,jblenkinsoppfl@acquirethisname.com,Mechanical Systems Engineer,true
563,Jeramey,Moffett,jmoffettfm@e-recht24.de,Recruiting Manager,true
564,Cletus,Konerding,ckonerdingfn@a8.net,Social Worker,false
565,Jilleen,Toolin,jtoolinfo@webmd.com,Professor,true
566,Kalila,Bernli,kbernlifp@networksolutions.com,Internal Auditor,true
567,Wainwright,Jowett,wjowettfq@squarespace.com,Senior Developer,true
568,Emmit,Seaborne,eseabornefr@state.tx.us,Sales Representative,true
569,Quentin,Chilley,qchilleyfs@ehow.com,Food Chemist,true
570,Marthena,Messer,mmesserft@quantcast.com,Programmer IV,false
571,Hedda,Goter,hgoterfu@cnn.com,Software Engineer I,false
572,Salvidor,Seathwright,sseathwrightfv@stumbleupon.com,Accounting Assistant II,false
573,Robyn,Martinot,rmartinotfw@java.com,Help Desk Operator,true
574,Ardenia,Wadsworth,awadsworthfx@tamu.edu,Graphic Designer,false
575,Tansy,Thewless,tthewlessfy@accuweather.com,Sales Representative,true
576,Rodney,Kemsley,rkemsleyfz@pcworld.com,Automation Specialist II,false
577,Carolann,Eilhertsen,ceilhertseng0@booking.com,Clinical Specialist,false
578,Dewitt,Cullivan,dcullivang1@netlog.com,Chief Design Engineer,true
579,Leontyne,Iashvili,liashvilig2@phpbb.com,Food Chemist,false
580,Maxine,Devonside,mdevonsideg3@archive.org,Marketing Assistant,false
581,Perice,Paulat,ppaulatg4@bravesites.com,Senior Developer,false
582,Ardenia,McGarel,amcgarelg5@behance.net,Cost Accountant,true
583,Udall,MacTerlagh,umacterlaghg6@wp.com,Environmental Specialist,true
584,Charmaine,Cheales,cchealesg7@google.ca,Financial Advisor,true
585,Ophelie,Arne,oarneg8@census.gov,Analyst Programmer,false
586,Thomas,Readwood,treadwoodg9@google.ru,Analyst Programmer,true
587,Adora,Hardern,ahardernga@census.gov,Cost Accountant,false
588,Haskel,Longbothom,hlongbothomgb@umn.edu,Computer Systems Analyst II,true
589,Kincaid,Sussex,ksussexgc@indiegogo.com,Environmental Specialist,false
590,Anton,Eayrs,aeayrsgd@google.it,Actuary,true
591,Sloan,Van der Spohr,svanderspohrge@g.co,Staff Accountant I,true
592,Kial,Albrooke,kalbrookegf@cdc.gov,Senior Quality Engineer,false
593,Othella,Heck,oheckgg@so-net.ne.jp,Mechanical Systems Engineer,false
594,Hal,Epton,heptongh@army.mil,Senior Editor,false
595,Faydra,Boxe,fboxegi@blog.com,Administrative Assistant III,false
596,Dyanne,Josilowski,djosilowskigj@ca.gov,Legal Assistant,true
597,Yardley,Tue,ytuegk@globo.com,Accountant IV,true
598,Riva,Ryding,rrydinggl@comsenz.com,Account Coordinator,false
599,Cristal,Aimable,caimablegm@yahoo.co.jp,Editor,false
600,Hesther,Veivers,hveiversgn@sina.com.cn,Administrative Assistant II,false
601,Willem,Navarre,wnavarrego@clickbank.net,Accountant III,false
602,Denni,Biddulph,dbiddulphgp@china.com.cn,Programmer I,false
603,Neils,Marunchak,nmarunchakgq@google.it,Sales Associate,true
604,Deane,Maffin,dmaffingr@com.com,Biostatistician IV,false
605,Killian,Pero,kperogs@timesonline.co.uk,Geological Engineer,true
606,Abramo,Skinn,askinngt@moonfruit.com,Software Consultant,true
607,Fielding,Wooff,fwooffgu@posterous.com,Marketing Assistant,false
608,Annadiane,Finnimore,afinnimoregv@accuweather.com,Junior Executive,true
609,Marve,Wreiford,mwreifordgw@4shared.com,Operator,false
610,Karlen,Kubas,kkubasgx@tamu.edu,Professor,false
611,Kai,Oylett,koylettgy@cnbc.com,VP Sales,false
612,Penn,Scopes,pscopesgz@fotki.com,Registered Nurse,false
613,Jerrilyn,Ferrick,jferrickh0@cafepress.com,Marketing Manager,true
614,Chickie,Jeroch,cjerochh1@dion.ne.jp,Internal Auditor,false
615,Annabelle,Edwardson,aedwardsonh2@a8.net,Physical Therapy Assistant,true
616,Kass,Welbeck,kwelbeckh3@nydailynews.com,VP Quality Control,true
617,George,Reay,greayh4@skype.com,Pharmacist,true
618,Judy,Langfitt,jlangfitth5@apple.com,Web Designer IV,true
619,Berky,Guidone,bguidoneh6@slashdot.org,Help Desk Operator,true
620,Moritz,Staveley,mstaveleyh7@google.com,Programmer Analyst III,true
621,Penrod,Mott,pmotth8@cmu.edu,Budget/Accounting Analyst IV,false
622,Heida,Saunton,hsauntonh9@va.gov,Junior Executive,false
623,Leroi,Garrigan,lgarriganha@alibaba.com,Electrical Engineer,false
624,Hulda,Terrell,hterrellhb@geocities.com,Civil Engineer,false
625,Saxe,Soutter,ssoutterhc@twitter.com,Compensation Analyst,true
626,Shalne,Edeson,sedesonhd@delicious.com,Actuary,true
627,Cullie,Ennever,cenneverhe@etsy.com,Internal Auditor,true
628,Adelbert,Tommasi,atommasihf@chron.com,Clinical Specialist,true
629,Janetta,Dickons,jdickonshg@jalbum.net,Technical Writer,false
630,Vinny,Cadge,vcadgehh@state.gov,VP Quality Control,true
631,Maren,Syers,msyershi@merriam-webster.com,Information Systems Manager,true
632,Naoma,Blindt,nblindthj@upenn.edu,Design Engineer,false
633,Jase,Timbrell,jtimbrellhk@microsoft.com,Quality Engineer,false
634,Yolande,Edinburough,yedinburoughhl@over-blog.com,Assistant Media Planner,true
635,Morgana,Grayley,mgrayleyhm@sfgate.com,Account Executive,false
636,Bonnibelle,Kingdom,bkingdomhn@wordpress.org,Account Coordinator,false
637,Gerladina,Ceschini,gceschiniho@xing.com,Dental Hygienist,true
638,Cliff,Melhuish,cmelhuishhp@microsoft.com,Safety Technician II,false
639,Tirrell,Westhofer,twesthoferhq@shop-pro.jp,Account Coordinator,false
640,Ema,Hebron,ehebronhr@dot.gov,Senior Quality Engineer,false
641,Delores,Derwin,dderwinhs@unicef.org,Senior Editor,true
642,Marcile,Elsworth,melsworthht@hexun.com,Accountant I,false
643,Byrom,Feasey,bfeaseyhu@bloglines.com,Senior Financial Analyst,true
644,Alexandr,Kliche,aklichehv@sakura.ne.jp,Staff Accountant IV,false
645,Clarette,Chazier,cchazierhw@sitemeter.com,Structural Engineer,true
646,Omar,Brocking,obrockinghx@latimes.com,Graphic Designer,false
647,Lonnie,Paladini,lpaladinihy@google.de,Clinical Specialist,false
648,Wanids,Gethyn,wgethynhz@toplist.cz,Operator,true
649,Mag,Franzotto,mfranzottoi0@example.com,Programmer Analyst I,true
650,Elden,Lincke,elinckei1@free.fr,Librarian,false
651,Sollie,Micka,smickai2@pen.io,Software Engineer IV,true
652,Marsh,Marsay,mmarsayi3@accuweather.com,Data Coordiator,false
653,Buck,Kunzler,bkunzleri4@hibu.com,Staff Scientist,false
654,Lyssa,Vahey,lvaheyi5@ucla.edu,Clinical Specialist,false
655,Courtnay,Ronchka,cronchkai6@xinhuanet.com,Geological Engineer,true
656,Robina,Wane,rwanei7@mtv.com,Nurse Practicioner,true
657,Naoma,Imrie,nimriei8@addthis.com,Developer III,false
658,Agace,Firman,afirmani9@archive.org,Editor,true
659,Mella,Lowdham,mlowdhamia@cbc.ca,Chief Design Engineer,true
660,Sauncho,Sibbald,ssibbaldib@vistaprint.com,Operator,true
661,Mendie,Glaysher,mglaysheric@noaa.gov,Teacher,false
662,Humphrey,Prestner,hprestnerid@stanford.edu,Recruiting Manager,false
663,Alvina,Dorbin,adorbinie@geocities.jp,Accounting Assistant I,true
664,Nani,Thompson,nthompsonif@google.co.uk,Chief Design Engineer,false
665,Bernelle,Iacovolo,biacovoloig@wufoo.com,VP Marketing,true
666,Paige,St Clair,pstclairih@pen.io,Dental Hygienist,false
667,Dulcea,Cannam,dcannamii@salon.com,Human Resources Assistant III,true
668,Leda,Sagar,lsagarij@weebly.com,Chief Design Engineer,true
669,Hewett,Gerrets,hgerretsik@salon.com,Systems Administrator IV,false
670,Suzy,Janosevic,sjanosevicil@oaic.gov.au,Human Resources Manager,true
671,Saunders,Ellis,sellisim@economist.com,Nurse Practicioner,true
672,Lenee,Clemenzi,lclemenziin@geocities.jp,Marketing Manager,false
673,Jewel,Jirus,jjirusio@github.com,Research Assistant III,false
674,Terry,Keig,tkeigip@photobucket.com,Software Engineer IV,false
675,Waverley,Nelius,wneliusiq@amazon.co.uk,Mechanical Systems Engineer,false
676,Alfred,Leathes,aleathesir@google.pl,Office Assistant IV,false
677,Lonna,Crowter,lcrowteris@flickr.com,Nuclear Power Engineer,true
678,Kelly,MacCurley,kmaccurleyit@tripod.com,General Manager,true
679,Hy,Campanelle,hcampanelleiu@nbcnews.com,Civil Engineer,false
680,Quinta,Toretta,qtorettaiv@issuu.com,Assistant Manager,false
681,Forbes,Satteford,fsattefordiw@photobucket.com,Account Representative II,true
682,Cecilia,Garr,cgarrix@archive.org,Account Executive,false
683,Helsa,Hughes,hhughesiy@soup.io,Design Engineer,false
684,Elberta,Liddicoat,eliddicoatiz@google.com,Food Chemist,true
685,Margo,Terran,mterranj0@nyu.edu,Business Systems Development Analyst,true
686,Barbaraanne,Itzkin,bitzkinj1@zimbio.com,Civil Engineer,true
687,Elicia,Maylour,emaylourj2@gizmodo.com,Legal Assistant,false
688,Stirling,Lomb,slombj3@reddit.com,Computer Systems Analyst IV,true
689,Rhody,Trevan,rtrevanj4@github.com,Executive Secretary,false
690,Marijo,Lowre,mlowrej5@joomla.org,Project Manager,false
691,Noni,Stapleton,nstapletonj6@newyorker.com,Analyst Programmer,false
692,Ellsworth,Bottrell,ebottrellj7@wordpress.com,Human Resources Assistant II,true
693,Bryce,Hryncewicz,bhryncewiczj8@chron.com,Electrical Engineer,false
694,Corliss,Cowell,ccowellj9@arstechnica.com,Senior Editor,true
695,Dimitry,Nerheny,dnerhenyja@mozilla.com,Financial Advisor,true
696,Tiphani,Yitzhakov,tyitzhakovjb@patch.com,Mechanical Systems Engineer,true
697,Zarah,Erb,zerbjc@ow.ly,Actuary,true
698,Paulette,Lettsom,plettsomjd@uol.com.br,Account Executive,false
699,Phyllys,Humpatch,phumpatchje@huffingtonpost.com,Cost Accountant,false
700,Tiphanie,Plitz,tplitzjf@posterous.com,Recruiter,true
701,Oliviero,Hawkyens,ohawkyensjg@ca.gov,Senior Editor,false
702,Cooper,Lethcoe,clethcoejh@blogspot.com,Compensation Analyst,true
703,Rriocard,Dell'Abbate,rdellabbateji@upenn.edu,Research Associate,false
704,Madelaine,Chetwind,mchetwindjj@hexun.com,Software Test Engineer I,false
705,Ninetta,Collis,ncollisjk@unblog.fr,Civil Engineer,false
706,Aurie,Placido,aplacidojl@google.es,Sales Representative,false
707,Halimeda,Balasin,hbalasinjm@issuu.com,Developer III,true
708,Vasilis,Humblestone,vhumblestonejn@mediafire.com,General Manager,false
709,Farah,Rookes,frookesjo@macromedia.com,VP Quality Control,true
710,Bailie,Clute,bclutejp@wikimedia.org,Junior Executive,true
711,Ruttger,Veque,rvequejq@tinyurl.com,Nurse,false
712,Corena,Tressler,ctresslerjr@nature.com,Nurse,false
713,Ray,Margaret,rmargaretjs@paginegialle.it,Software Test Engineer III,false
714,Kory,Ridsdole,kridsdolejt@opensource.org,Web Designer I,false
715,Marieann,Krolman,mkrolmanju@weibo.com,Director of Sales,true
716,Benji,Chaudron,bchaudronjv@nymag.com,Graphic Designer,false
717,Isobel,Maytum,imaytumjw@unicef.org,Recruiting Manager,true
718,Shandra,Millgate,smillgatejx@reddit.com,Software Engineer IV,true
719,Deny,Capon,dcaponjy@google.ru,Physical Therapy Assistant,true
720,Gayle,Gyurko,ggyurkojz@patch.com,VP Product Management,false
721,Helenelizabeth,Widdowson,hwiddowsonk0@ehow.com,Systems Administrator IV,true
722,Cherey,Dupree,cdupreek1@japanpost.jp,Librarian,false
723,Farly,Hallewell,fhallewellk2@youku.com,Project Manager,false
724,Bart,Tumpane,btumpanek3@geocities.jp,Programmer II,false
725,Richmound,Brothers,rbrothersk4@disqus.com,Structural Analysis Engineer,true
726,Marylin,Hegley,mhegleyk5@java.com,Recruiter,false
727,Tanny,Cuseck,tcuseckk6@msu.edu,Staff Accountant III,true
728,Mora,Harrowell,mharrowellk7@com.com,Systems Administrator II,false
729,Melisande,Sam,msamk8@wsj.com,Financial Advisor,false
730,Dalis,Grimes,dgrimesk9@cnbc.com,Graphic Designer,false
731,Stoddard,Enriques,senriqueska@upenn.edu,Tax Accountant,false
732,Vyky,O'Crigan,vocrigankb@upenn.edu,Office Assistant III,true
733,Anabal,Gleder,aglederkc@alibaba.com,Pharmacist,false
734,Zorina,Larrat,zlarratkd@sakura.ne.jp,Environmental Tech,true
735,Georges,Kaufman,gkaufmanke@sogou.com,Internal Auditor,true
736,Nicoline,Lazare,nlazarekf@fotki.com,Design Engineer,true
737,Velvet,Ranner,vrannerkg@nbcnews.com,Operator,true
738,Sheba,Mariolle,smariollekh@multiply.com,Quality Control Specialist,true
739,Isidore,Mablestone,imablestoneki@cdc.gov,Dental Hygienist,false
740,Delcine,Monkton,dmonktonkj@google.com.au,VP Product Management,false
741,Dionysus,Collcott,dcollcottkk@ovh.net,Developer II,false
742,Olimpia,Wankling,owanklingkl@reuters.com,Environmental Specialist,false
743,Andree,Macconaghy,amacconaghykm@theatlantic.com,Software Consultant,true
744,Murial,Trippick,mtrippickkn@cnet.com,Administrative Assistant III,true
745,Janek,Tandy,jtandyko@amazonaws.com,Mechanical Systems Engineer,false
746,Avrit,Merrell,amerrellkp@github.com,Electrical Engineer,false
747,Chrystal,Merriton,cmerritonkq@cocolog-nifty.com,Software Test Engineer IV,true
748,Fax,Godlee,fgodleekr@wikipedia.org,Human Resources Manager,false
749,Stace,Agus,sagusks@dagondesign.com,Administrative Officer,false
750,Yettie,Screach,yscreachkt@imgur.com,Geological Engineer,false
751,Ailyn,Becket,abecketku@xing.com,Professor,true
752,Yasmeen,Emilien,yemilienkv@cdc.gov,Tax Accountant,false
753,Quint,Ropkes,qropkeskw@sakura.ne.jp,Budget/Accounting Analyst I,true
754,Idalia,Hairesnape,ihairesnapekx@ustream.tv,Civil Engineer,false
755,Susanna,Alfonsini,salfonsiniky@mediafire.com,Nurse Practicioner,true
756,Carrie,Seedhouse,cseedhousekz@prnewswire.com,Media Manager II,false
757,Suzann,Westman,swestmanl0@mac.com,Software Engineer I,true
758,Nero,Neiland,nneilandl1@icio.us,Programmer II,true
759,Blondelle,Howcroft,bhowcroftl2@smh.com.au,Legal Assistant,false
760,Roderic,Ingray,ringrayl3@cornell.edu,Civil Engineer,true
761,Lorain,Skippon,lskipponl4@businessweek.com,Environmental Tech,true
762,Missie,Batting,mbattingl5@slate.com,Clinical Specialist,true
763,Tony,Skeemer,tskeemerl6@apache.org,Project Manager,true
764,Becky,Sarra,bsarral7@usnews.com,Financial Advisor,true
765,Orelle,Lilly,olillyl8@fda.gov,Quality Engineer,true
766,Ab,Bergeau,abergeaul9@cargocollective.com,Desktop Support Technician,false
767,Bay,Fearnyough,bfearnyoughla@sfgate.com,Senior Quality Engineer,true
768,Dido,Ebben,debbenlb@shinystat.com,Chemical Engineer,true
769,Evangelina,Swinford,eswinfordlc@wiley.com,Internal Auditor,true
770,Mara,Avery,maveryld@google.com.hk,Research Nurse,false
771,Ema,Yegorev,eyegorevle@msn.com,Research Associate,true
772,Katti,Ciubutaro,kciubutarolf@tripod.com,Paralegal,true
773,Harlin,Spellman,hspellmanlg@illinois.edu,Web Designer III,true
774,Akim,Koeppe,akoeppelh@gizmodo.com,Registered Nurse,true
775,Gwendolen,Dawdary,gdawdaryli@seesaa.net,Librarian,false
776,Martyn,Lambersen,mlambersenlj@yahoo.co.jp,Executive Secretary,false
777,Ema,Lecount,elecountlk@cisco.com,Marketing Assistant,false
778,Brenn,Melonby,bmelonbyll@nydailynews.com,Business Systems Development Analyst,true
779,Ophelie,Witz,owitzlm@studiopress.com,Accounting Assistant III,true
780,Patrica,Hofer,phoferln@slate.com,Accountant II,false
781,Adrea,Tort,atortlo@rambler.ru,Chemical Engineer,false
782,Beale,Taillant,btaillantlp@apple.com,Social Worker,false
783,Ulla,Bennallck,ubennallcklq@businessinsider.com,Account Representative III,false
784,Christy,Cassell,ccasselllr@netlog.com,GIS Technical Architect,false
785,Roderigo,Newbegin,rnewbeginls@joomla.org,Speech Pathologist,false
786,Lonnard,Hallowell,lhallowelllt@elpais.com,Statistician IV,true
787,Thomasin,Curmi,tcurmilu@eventbrite.com,Web Developer III,true
788,Felipa,Kramer,fkramerlv@cornell.edu,Help Desk Operator,true
789,Corbet,Delos,cdeloslw@mozilla.org,Actuary,true
790,Stephie,Hunter,shunterlx@yandex.ru,GIS Technical Architect,true
791,Harry,Kenneford,hkennefordly@china.com.cn,Technical Writer,false
792,Paulo,Guidotti,pguidottilz@lycos.com,Staff Accountant II,false
793,Kylen,Gorgl,kgorglm0@diigo.com,Web Developer II,false
794,Tami,Cliburn,tcliburnm1@photobucket.com,Pharmacist,true
795,Halimeda,Roze,hrozem2@goo.gl,Health Coach IV,false
796,Saw,Barbisch,sbarbischm3@yandex.ru,Registered Nurse,true
797,Court,Ashtonhurst,cashtonhurstm4@patch.com,Operator,false
798,Free,Scotchbourouge,fscotchbourougem5@freewebs.com,Structural Engineer,false
799,Thebault,Benam,tbenamm6@seesaa.net,Technical Writer,true
800,King,Chitter,kchitterm7@themeforest.net,Structural Engineer,true
801,Kally,Bolderstone,kbolderstonem8@jiathis.com,Biostatistician III,true
802,Gretel,Esome,gesomem9@disqus.com,Budget/Accounting Analyst I,false
803,Beatrix,Wanjek,bwanjekma@wired.com,Dental Hygienist,true
804,Yankee,Lanchester,ylanchestermb@etsy.com,Community Outreach Specialist,true
805,Joell,Mathan,jmathanmc@51.la,Speech Pathologist,true
806,Kala,Inkpin,kinkpinmd@51.la,Paralegal,true
807,Yalonda,Swatton,yswattonme@mail.ru,Developer IV,false
808,Cecil,Karlsen,ckarlsenmf@yale.edu,Actuary,false
809,Gray,Macek,gmacekmg@nationalgeographic.com,Assistant Media Planner,false
810,Rollo,Ghidoli,rghidolimh@google.nl,Sales Associate,false
811,Vidovik,Fawloe,vfawloemi@google.it,Help Desk Operator,false
812,Cornela,Jeffery,cjefferymj@cdbaby.com,Budget/Accounting Analyst I,true
813,Jacklyn,Fenelow,jfenelowmk@ameblo.jp,Quality Control Specialist,true
814,Trumann,Sadd,tsaddml@phpbb.com,Web Developer III,false
815,Bobbee,Jaquest,bjaquestmm@tuttocitta.it,General Manager,true
816,Lydon,Jeffree,ljeffreemn@jiathis.com,Research Associate,false
817,Harri,Royden,hroydenmo@yelp.com,Structural Analysis Engineer,true
818,Shelby,Dorro,sdorromp@epa.gov,Budget/Accounting Analyst IV,false
819,Lorita,Tubridy,ltubridymq@accuweather.com,Social Worker,true
820,Nettle,Prickett,nprickettmr@icio.us,Design Engineer,true
821,Cletus,Castle,ccastlems@archive.org,Senior Developer,true
822,Amerigo,Attenburrow,aattenburrowmt@google.ru,Software Engineer II,false
823,Jasmine,Arnot,jarnotmu@oracle.com,Senior Financial Analyst,true
824,Madella,Skitterel,mskitterelmv@sourceforge.net,Accounting Assistant II,true
825,Dennison,Vardie,dvardiemw@chronoengine.com,Quality Engineer,true
826,Shell,Turfin,sturfinmx@cocolog-nifty.com,Recruiting Manager,false
827,Judas,Deetch,jdeetchmy@behance.net,Registered Nurse,true
828,Joela,Siene,jsienemz@engadget.com,Product Engineer,false
829,Roxane,Kunneke,rkunneken0@yellowbook.com,Media Manager IV,true
830,Vladimir,McMullen,vmcmullenn1@com.com,Environmental Tech,true
831,Waiter,Fendlow,wfendlown2@squidoo.com,Sales Representative,true
832,Briny,ffrench Beytagh,bffrenchbeytaghn3@go.com,Statistician III,false
833,Ty,Palia,tpalian4@livejournal.com,Marketing Manager,true
834,Mattias,Antonetti,mantonettin5@umn.edu,Accountant II,true
835,Issy,Djekic,idjekicn6@auda.org.au,Director of Sales,false
836,Adolpho,Colles,acollesn7@pen.io,Environmental Tech,true
837,Mella,Nunnerley,mnunnerleyn8@fotki.com,Actuary,false
838,Neddie,Walduck,nwalduckn9@reuters.com,Assistant Manager,true
839,Illa,Temple,itemplena@cargocollective.com,Administrative Assistant II,true
840,Hyacintha,Crayton,hcraytonnb@google.it,Actuary,true
841,Allyn,Andrivel,aandrivelnc@bbc.co.uk,Web Developer IV,false
842,Ianthe,Clute,iclutend@mit.edu,Engineer II,true
843,Loree,Cogzell,lcogzellne@indiatimes.com,VP Sales,true
844,Jacquelin,Sermin,jserminnf@mozilla.org,Occupational Therapist,false
845,Thorsten,Doudney,tdoudneyng@biblegateway.com,Occupational Therapist,false
846,Ban,Esson,bessonnh@tamu.edu,Quality Control Specialist,false
847,Sherilyn,Caghan,scaghanni@liveinternet.ru,Cost Accountant,false
848,Eunice,Arnaudi,earnaudinj@privacy.gov.au,Business Systems Development Analyst,false
849,Sybila,Scotchforth,sscotchforthnk@symantec.com,Senior Developer,false
850,Margy,Arkin,markinnl@sbwire.com,Sales Associate,false
851,Amargo,Godsal,agodsalnm@howstuffworks.com,Electrical Engineer,true
852,Boote,Bednall,bbednallnn@army.mil,VP Accounting,true
853,Lizzy,Scantlebury,lscantleburyno@bigcartel.com,Associate Professor,true
854,Karil,Blacklawe,kblacklawenp@gravatar.com,Chief Design Engineer,false
855,Bendick,Eingerfield,beingerfieldnq@illinois.edu,Administrative Assistant IV,false
856,Harlan,Hannaby,hhannabynr@huffingtonpost.com,Structural Engineer,true
857,Chandra,Anstis,canstisns@creativecommons.org,Registered Nurse,true
858,Tabby,Theobold,ttheoboldnt@unc.edu,Community Outreach Specialist,true
859,Ryley,Ashmole,rashmolenu@mtv.com,Sales Associate,false
860,Stillmann,Boissier,sboissiernv@tuttocitta.it,Speech Pathologist,true
861,Tammy,Velten,tveltennw@blogs.com,VP Product Management,true
862,Ciro,Coaten,ccoatennx@mozilla.org,Web Designer IV,false
863,Hurleigh,Bearward,hbearwardny@sbwire.com,Biostatistician IV,false
864,Renault,Neising,rneisingnz@accuweather.com,Health Coach I,false
865,Dwain,Boydell,dboydello0@gizmodo.com,Technical Writer,true
866,Luciana,Strainge,lstraingeo1@shutterfly.com,VP Marketing,false
867,Jennie,Addekin,jaddekino2@ebay.com,Nurse,true
868,Lenna,Mustoo,lmustooo3@miitbeian.gov.cn,GIS Technical Architect,true
869,Claire,Lumox,clumoxo4@mtv.com,Information Systems Manager,true
870,Rosemary,O'Fergus,roferguso5@cisco.com,Budget/Accounting Analyst IV,true
871,Cyndie,Bedingfield,cbedingfieldo6@diigo.com,Operator,false
872,Martie,Agett,magetto7@wix.com,VP Product Management,true
873,Sigismundo,Blodgetts,sblodgettso8@berkeley.edu,Professor,false
874,Beniamino,Traice,btraiceo9@unesco.org,Assistant Manager,false
875,Brendis,Bridal,bbridaloa@engadget.com,Sales Associate,true
876,Nicolas,Shearwood,nshearwoodob@mayoclinic.com,Analog Circuit Design manager,true
877,Dalli,Kuhndel,dkuhndeloc@eventbrite.com,Assistant Professor,true
878,Dayna,Sier,dsierod@prlog.org,Nuclear Power Engineer,false
879,Phedra,Kurten,pkurtenoe@constantcontact.com,Staff Scientist,false
880,Efren,Wooffitt,ewooffittof@addtoany.com,Product Engineer,true
881,Amery,Yewman,ayewmanog@ow.ly,Dental Hygienist,true
882,Felice,Squelch,fsquelchoh@army.mil,Chief Design Engineer,false
883,Caril,Briscam,cbriscamoi@bizjournals.com,Librarian,false
884,Fletcher,Fison,ffisonoj@squidoo.com,Programmer III,false
885,Ogden,Hovie,ohovieok@weather.com,Senior Sales Associate,false
886,Brittan,Gaynsford,bgaynsfordol@typepad.com,Occupational Therapist,false
887,Trisha,Roft,troftom@epa.gov,Internal Auditor,true
888,Audrie,Attrey,aattreyon@nymag.com,Recruiter,false
889,Evvie,McVeighty,emcveightyoo@creativecommons.org,Director of Sales,true
890,Selma,Barrell,sbarrellop@reddit.com,Financial Analyst,false
891,Chaunce,Cator,ccatoroq@hc360.com,Senior Developer,false
892,Sawyere,Balharrie,sbalharrieor@umn.edu,Quality Engineer,true
893,Trista,Van der Merwe,tvandermerweos@hc360.com,Geological Engineer,false
894,Maye,Breit,mbreitot@surveymonkey.com,Account Coordinator,false
895,Mabel,Jewel,mjewelou@cafepress.com,Structural Engineer,true
896,Mildred,Adamski,madamskiov@ft.com,Recruiter,false
897,Erik,Tampion,etampionow@wp.com,Accountant III,true
898,Mella,Orteau,morteauox@phoca.cz,Environmental Specialist,false
899,Donny,Hardaway,dhardawayoy@tripadvisor.com,Computer Systems Analyst I,true
900,Dayna,Slyford,dslyfordoz@prweb.com,VP Sales,false
901,Weber,Dax,wdaxp0@ocn.ne.jp,Senior Financial Analyst,true
902,Ruth,Gemlbett,rgemlbettp1@deviantart.com,Teacher,true
903,Kimbra,Tonna,ktonnap2@yahoo.co.jp,Human Resources Assistant III,false
904,Faunie,Kadwallider,fkadwalliderp3@studiopress.com,Structural Engineer,false
905,Jilly,Streeting,jstreetingp4@friendfeed.com,Research Associate,true
906,Mario,Brotheridge,mbrotheridgep5@dell.com,Account Coordinator,false
907,Myer,Marco,mmarcop6@businessinsider.com,Computer Systems Analyst I,true
908,Emelina,Duigan,eduiganp7@va.gov,Director of Sales,false
909,Tobin,Cromleholme,tcromleholmep8@soundcloud.com,Clinical Specialist,true
910,Vance,Bayston,vbaystonp9@issuu.com,Graphic Designer,false
911,Caspar,Littlemore,clittlemorepa@symantec.com,VP Sales,true
912,Christabel,Eliet,celietpb@tamu.edu,Research Associate,false
913,Rosamond,Dockree,rdockreepc@amazon.co.jp,Senior Editor,true
914,Maitilde,Boulger,mboulgerpd@eepurl.com,Pharmacist,true
915,Mona,Lipson,mlipsonpe@whitehouse.gov,Administrative Assistant II,false
916,Gretta,McGrail,gmcgrailpf@bbb.org,Compensation Analyst,false
917,Chrystal,Gatley,cgatleypg@washingtonpost.com,VP Accounting,false
918,Annie,Burgen,aburgenph@about.com,Programmer II,true
919,Ninnette,Auden,naudenpi@delicious.com,Office Assistant III,false
920,Hynda,Syer,hsyerpj@studiopress.com,Recruiter,true
921,Freeland,Troy,ftroypk@google.co.jp,Web Developer II,false
922,Vinni,Liston,vlistonpl@woothemes.com,Safety Technician I,true
923,Reube,Rackham,rrackhampm@last.fm,Programmer Analyst IV,true
924,Teodor,Hallen,thallenpn@google.nl,Software Engineer IV,true
925,Ulick,Goutcher,ugoutcherpo@imageshack.us,Registered Nurse,false
926,Hank,Haw,hhawpp@chron.com,Information Systems Manager,true
927,Evaleen,Gourlay,egourlaypq@google.com,Accountant IV,true
928,Kriste,Lafaye,klafayepr@freewebs.com,General Manager,true
929,Bradly,Thorbon,bthorbonps@sitemeter.com,Human Resources Manager,true
930,Rodolphe,Pitcock,rpitcockpt@uol.com.br,Chemical Engineer,true
931,Auberta,Le Noir,alenoirpu@tinyurl.com,Director of Sales,false
932,Lisabeth,Baynon,lbaynonpv@123-reg.co.uk,Assistant Professor,true
933,Gayle,How to preserve,ghowtopreservepw@jimdo.com,Administrative Assistant IV,true
934,Lizabeth,Meacher,lmeacherpx@alibaba.com,Recruiting Manager,true
935,Benoite,Baldassi,bbaldassipy@unesco.org,Software Test Engineer II,true
936,Doloritas,Feldmus,dfeldmuspz@51.la,Nuclear Power Engineer,false
937,Inez,Dykes,idykesq0@hostgator.com,Analog Circuit Design manager,true
938,Davey,Blaszkiewicz,dblaszkiewiczq1@mapquest.com,Occupational Therapist,false
939,Osbourne,Bleazard,obleazardq2@google.es,Safety Technician IV,false
940,Annabela,Tuxell,atuxellq3@cnbc.com,Pharmacist,false
941,Bax,Ickovitz,bickovitzq4@telegraph.co.uk,Director of Sales,true
942,Frannie,Swanborough,fswanboroughq5@csmonitor.com,Registered Nurse,true
943,Ricca,Hutchence,rhutchenceq6@dell.com,Food Chemist,false
944,Neile,Cardinal,ncardinalq7@buzzfeed.com,Nurse,false
945,Dex,Rixon,drixonq8@gizmodo.com,Senior Sales Associate,false
946,Bradan,Pancoast,bpancoastq9@gizmodo.com,Office Assistant III,true
947,Chrysler,Storrar,cstorrarqa@nps.gov,Administrative Officer,false
948,Horatius,Field,hfieldqb@gizmodo.com,Research Nurse,false
949,Lorenza,Nixon,lnixonqc@bizjournals.com,Pharmacist,true
950,Melisent,Tarplee,mtarpleeqd@google.pl,Internal Auditor,true
951,Mada,Rhyme,mrhymeqe@usda.gov,Business Systems Development Analyst,true
952,Sibella,Greger,sgregerqf@ucoz.com,VP Product Management,true
953,Wynny,Riceards,wriceardsqg@ft.com,Executive Secretary,true
954,Pietro,Chiverton,pchivertonqh@wikimedia.org,Administrative Assistant II,true
955,Yorker,Gilardi,ygilardiqi@csmonitor.com,Human Resources Manager,true
956,Quintilla,Hefferan,qhefferanqj@tiny.cc,Statistician I,true
957,Neile,Nobles,nnoblesqk@opensource.org,Social Worker,false
958,Marius,Renihan,mrenihanql@google.de,Executive Secretary,false
959,Odelia,Greedier,ogreedierqm@mtv.com,Desktop Support Technician,false
960,Mignon,Fetherstan,mfetherstanqn@odnoklassniki.ru,Analog Circuit Design manager,false
961,Siward,Foxley,sfoxleyqo@home.pl,Administrative Officer,true
962,Elisabet,Brighouse,ebrighouseqp@hugedomains.com,VP Product Management,false
963,Shamus,Bouller,sboullerqq@washington.edu,Financial Analyst,false
964,Marlene,Pearne,mpearneqr@marketwatch.com,Geological Engineer,false
965,Sandor,Cable,scableqs@amazonaws.com,Account Coordinator,true
966,Hammad,Woodrow,hwoodrowqt@npr.org,Programmer Analyst III,false
967,Perceval,Snoddon,psnoddonqu@addthis.com,Human Resources Manager,true
968,Trixie,Gonning,tgonningqv@xrea.com,Marketing Assistant,false
969,Harrietta,Etock,hetockqw@seattletimes.com,Internal Auditor,false
970,Gerianne,Preene,gpreeneqx@seesaa.net,VP Product Management,false
971,Pammy,Mucklestone,pmucklestoneqy@jugem.jp,Financial Analyst,true
972,Kirstyn,Brandom,kbrandomqz@oakley.com,Registered Nurse,false
973,Dee dee,Hicklingbottom,dhicklingbottomr0@ucsd.edu,Desktop Support Technician,false
974,Johnathan,Sturm,jsturmr1@utexas.edu,Electrical Engineer,false
975,Adelaide,Goncalo,agoncalor2@unc.edu,Clinical Specialist,true
976,Hunfredo,Igoe,higoer3@irs.gov,Marketing Assistant,false
977,Max,McAlees,mmcaleesr4@deviantart.com,Staff Scientist,true
978,Juana,Bratch,jbratchr5@moonfruit.com,Civil Engineer,true
979,Berrie,Wyd,bwydr6@ucsd.edu,Assistant Media Planner,true
980,Balduin,Beacock,bbeacockr7@nydailynews.com,Statistician IV,true
981,Odele,De Freyne,odefreyner8@washingtonpost.com,Desktop Support Technician,true
982,Theadora,Western,twesternr9@nature.com,Analyst Programmer,true
983,Greggory,Rraundl,grraundlra@hexun.com,Product Engineer,true
984,Cindi,Jellyman,cjellymanrb@prweb.com,Social Worker,true
985,Welby,LLelweln,wllelwelnrc@hatena.ne.jp,Human Resources Manager,false
986,Donny,Gazzard,dgazzardrd@jigsy.com,Structural Analysis Engineer,true
987,Gifford,Scantlebury,gscantleburyre@ezinearticles.com,Professor,false
988,Antonia,Canner,acannerrf@bloomberg.com,Payment Adjustment Coordinator,true
989,Irena,Lowmass,ilowmassrg@mapy.cz,Social Worker,true
990,Yasmeen,Figura,yfigurarh@edublogs.org,Sales Associate,false
991,Lindsay,McGuggy,lmcguggyri@fema.gov,Software Engineer I,true
992,Andrey,Eagleton,aeagletonrj@java.com,Web Developer I,true
993,Horatia,Lampl,hlamplrk@google.pl,Research Nurse,false
994,Bennie,Duplain,bduplainrl@cpanel.net,General Manager,false
995,Pavia,Goodwyn,pgoodwynrm@phpbb.com,Environmental Specialist,true
996,Lotty,Le Marquis,llemarquisrn@miibeian.gov.cn,General Manager,false
997,Chalmers,Prandini,cprandiniro@yellowbook.com,Design Engineer,false
998,Eugene,McIan,emcianrp@harvard.edu,Accounting Assistant I,false
999,Lonee,Piddocke,lpiddockerq@home.pl,GIS Technical Architect,true
1000,Maribel,Betjeman,mbetjemanrr@typepad.com,Compensation Analyst,false
